participant,total
1,13.6666666667
2,0.0
3,21.0
4,13.3333333333
5,29.6666666667
