,Term,Mean,SD
2,Exploration,11.8,9.76345225829
5,ResultsWorthEffort,4.2,4.60434577329
3,Expressiveness,3.6,4.9799598392
1,Enjoyment,1.9,1.94935886896
4,Immersion,1.2,1.30384048104
0,Collaboration,0.6,1.3416407865
