Term,Mean,SD
Collaboration,0.6,1.3416407864998738
Enjoyment,1.9,1.949358868961793
Exploration,11.8,9.763452258294706
Expressiveness,3.6,4.979959839195493
Immersion,1.2,1.3038404810405297
ResultsWorthEffort,4.2,4.604345773288535
